"https://www.sportwettentest.net/leovegas-fakten-infos/","text/html; charset=UTF-8","200","OK","Indexable","","LeoVegas seriös? Fakten und Infos zum Wettanbieter LeoVegas","59","510","Wie gut, sicher und seriös ist der Wettanbieter LeoVegas? Alle LeoVegas Fakten und Informationen zum Sportwetten AnbieterLeoVegas.","130","793","","0","LeoVegas seriös? Fakten und Infos zum Wettanbieter LeoVegas","59","","0","LeoVegas Infos: Als Online-Casino bewährt","41","Eine Lizenz ist gut, drei sind besser…","38","","","https://www.sportwettentest.net/leovegas-fakten-infos/","","","76602","1172","11.64852","2","2","31","17","0.64","115","88","11","10","e089bc94142528812bb05c62704879c4","0.059","Thu, 20 Dec 2018 21:42:19 GMT","","","https://www.sportwettentest.net/leovegas-fakten-infos/"
"https://www.sportwettentest.net/wm-2014-wetten/wm-2014-auslosung-deutschland-vs-portugal-spanien-unter-druck/","text/html; charset=UTF-8","301","Moved Permanently","Non-Indexable","Redirected","","0","0","","0","0","","0","","0","","0","","0","","0","","","","","","0","0","0.0","4","","1","1","0.04","0","0","0","0","","0.196","","http://www.sportwettentest.net/wm-2014-wetten/","HTTP Redirect","https://www.sportwettentest.net/wm-2014-wetten/wm-2014-auslosung-deutschland-vs-portugal-spanien-unter-druck/"
"https://www.sportwettentest.net/champions-league-wetten/as-rom-leverkusen-wettquoten-champions-league-2015/","text/html; charset=UTF-8","200","OK","Indexable","","AS Rom vs. Leverkusen Wettquoten - Champions League 2015 | Sportwetten Test","75","657","Wettquoten Vergleich und Vorschau Champions League 2015/16 - 4. Spieltag Gruppe E: AS Rom gegen Bayer 04 Leverkusen - die Quoten der Wettanbieter","145","903","","0","AS Rom vs. Leverkusen Wettquoten – Champions League 2015","56","","0","About the Author","16","","0","","","https://www.sportwettentest.net/champions-league-wetten/as-rom-leverkusen-wettquoten-champions-league-2015/","","","74141","1128","10.799692","7","1","11","5","0.19","101","89","11","10","48e89d91cfcec59041d5e9db7360cf03","0.792","","","","https://www.sportwettentest.net/champions-league-wetten/as-rom-leverkusen-wettquoten-champions-league-2015/"
"https://www.sportwettentest.net/wetthilfe/betvictor-registrierung-wie-meldet-man-sich-bei-betvictor-an/","text/html; charset=UTF-8","200","OK","Indexable","","Betvictor Registrierung – wie meldet man sich bei Betvictor an? | Sportwetten Test","82","655","Wie registriert man ein Wettkonto beim Sportwettenanbieter Betvictor? Die Anmeldung bei Betvictor in einfachen Schritten erklärt","128","743","","0","Betvictor Registrierung – wie meldet man sich bei Betvictor an?","63","","0","About the Author","16","","0","","","https://www.sportwettentest.net/wetthilfe/betvictor-registrierung-wie-meldet-man-sich-bei-betvictor-an/","","","80377","1437","12.639187","2","1","33","22","0.83","119","105","11","10","a61debea2b7712e3ffd0f8b7e565925a","0.097","Fri, 21 Dec 2018 02:27:34 GMT","","","https://www.sportwettentest.net/wetthilfe/betvictor-registrierung-wie-meldet-man-sich-bei-betvictor-an/"
"https://www.sportwettentest.net/wp-content/uploads/2015/10/netbet_halloween_cashback.jpg","image/jpeg","200","OK","Indexable","","","0","0","","0","0","","0","","0","","0","","0","","0","","","","","","51968","0","0.0","6","","0","0","0.0","0","0","0","0","","0.068","Tue, 27 Oct 2015 13:13:02 GMT","","","https://www.sportwettentest.net/wp-content/uploads/2015/10/netbet_halloween_cashback.jpg"
"https://www.sportwettentest.net/sportingbet-wettkonto-auszahlungen/","text/html; charset=UTF-8","200","OK","Indexable","","Sportingbet Wettkonto Auszahlungen | Sportwetten Test","53","448","Erfahrungsberichte zum Zahlungsverkehr bei Sportingbet Sportwetten. Welche Möglichkeiten der Auszahlung bietet ein Sportingbet Wettkonto.","137","823","","0","Sportingbet Wettkonto Auszahlungen","34","","0","","0","","0","","","https://www.sportwettentest.net/sportingbet-wettkonto-auszahlungen/","","","94471","1787","13.975718","2","2","29","21","0.79","118","96","11","10","b0f87089285f95daae8883b9e8e6406f","0.04","Fri, 21 Dec 2018 05:59:31 GMT","","","https://www.sportwettentest.net/sportingbet-wettkonto-auszahlungen/"
"https://www.sportwettentest.net/wp-content/uploads/2015/04/Tipico-Quoten-Deutsche-Bundesliga.jpg","image/jpeg","200","OK","Indexable","","","0","0","","0","0","","0","","0","","0","","0","","0","","","","","","54900","0","0.0","3","","0","0","0.0","0","0","0","0","","0.075","Wed, 27 Jul 2016 12:11:38 GMT","","","https://www.sportwettentest.net/wp-content/uploads/2015/04/Tipico-Quoten-Deutsche-Bundesliga.jpg"
"https://www.sportwettentest.net/wp-content/uploads/2015/11/bet-at-home-sponsor.jpg","image/jpeg","200","OK","Indexable","","","0","0","","0","0","","0","","0","","0","","0","","0","","","","","","12226","0","0.0","2","","0","0","0.0","0","0","0","0","","0.024","Tue, 24 Nov 2015 16:09:52 GMT","","","https://www.sportwettentest.net/wp-content/uploads/2015/11/bet-at-home-sponsor.jpg"
"https://www.sportwettentest.net/wp-content/uploads/2018/03/bet90-el-quoten.jpg","image/jpeg","200","OK","Indexable","","","0","0","","0","0","","0","","0","","0","","0","","0","","","","","","50968","0","0.0","3","","0","0","0.0","0","0","0","0","","0.07","Thu, 15 Mar 2018 09:47:18 GMT","","","https://www.sportwettentest.net/wp-content/uploads/2018/03/bet90-el-quoten.jpg"
"https://www.sportwettentest.net/wp-content/uploads/2017/04/sunmaker-mobile-app-kundendienst.png","image/png","200","OK","Indexable","","","0","0","","0","0","","0","","0","","0","","0","","0","","","","","","30191","0","0.0","3","","0","0","0.0","0","0","0","0","","0.064","Wed, 05 Apr 2017 12:26:24 GMT","","","https://www.sportwettentest.net/wp-content/uploads/2017/04/sunmaker-mobile-app-kundendienst.png"
